source,time_since_cmd,x,y,z
cmd_pose,4.7281e-05,20.0,0.0,0.0
cmd_pose,0.001166258,20.0,0.0,0.0
cmd_pose,0.002958429,20.0,0.0,0.0
cmd_pose,0.006343504,20.0,0.0,0.0
cmd_pose,0.009767928,20.0,0.0,0.0
cmd_pose,0.012876505,20.0,0.0,0.0
cmd_pose,0.015926763,20.0,0.0,0.0
odom,0.024806333,1.0062149773991595,-0.005109255552940631,-0.0700625703327358
odom,0.074857324,1.007404911366149,-0.0060922695722661485,-0.07536388704762995
cmd_pose,0.107416748,20.0,0.0,0.0
odom,0.125018039,1.0087176954648707,-0.007178915714722837,-0.08083918524653738
odom,0.175074084,1.0101648866024682,-0.008375835993620398,-0.08657602969384766
cmd_pose,0.207874581,20.0,0.0,0.0
odom,0.225715066,1.0117447259081083,-0.009684392181109698,-0.09249262321192747
odom,0.276346132,1.0134691470015005,-0.01111128375954639,-0.0986509289178731
cmd_pose,0.308368342,20.0,0.0,0.0
odom,0.326076638,1.0153359747280732,-0.012657676438216983,-0.10499089337101163
odom,0.376099021,1.017357518341956,-0.014330332715073415,-0.11155626547040523
cmd_pose,0.407347023,20.0,0.0,0.0
odom,0.426877187,1.0195311795616855,-0.016130200674039707,-0.11830255024881539
odom,0.476667689,1.0218696451967444,-0.018064109482114996,-0.125260478915504
cmd_pose,0.507274031,20.0,0.0,0.0
odom,0.526891493,1.0243698857631716,-0.020132767440891243,-0.13239675377676505
odom,0.577188857,1.0270449700419362,-0.022343071971939247,-0.13973276165113974
cmd_pose,0.608194012,20.0,0.0,0.0
odom,0.627221026,1.0298914286247742,-0.02469546862679819,-0.14724331251256156
odom,0.677663333,1.0329227187783647,-0.027196922524726157,-0.15494305790116802
cmd_pose,0.707565697,20.0,0.0,0.0
odom,0.727675135,1.0361349223090461,-0.029847592450172343,-0.16281271641830886
odom,0.777970886,1.039541893217814,-0.03265450848701475,-0.17086206643860063
cmd_pose,0.807320131,20.0,0.0,0.0
odom,0.827933885,1.0431392559678525,-0.035617517386434115,-0.17907616263652035
odom,0.879767693,1.046941270927726,-0.03874370925897336,-0.18746124556227695
cmd_pose,0.908145615,20.0,0.0,0.0
odom,0.928756986,1.0509430898845173,-0.04203237482065415,-0.19600557409451527
odom,0.979055749,1.055159266419141,-0.04548880942266695,-0.20471274123642805
cmd_pose,1.00820431,20.0,0.0,0.0
odom,1.029060129,1.059584439374378,-0.049111965918700796,-0.21357324498218488
odom,1.079660055,1.0642336961310528,-0.05290768697793994,-0.22258862675321012
cmd_pose,1.108096034,20.0,0.0,0.0
odom,1.130395681,1.0691012432233111,-0.056875064348795766,-0.23175100250787825
odom,1.180014223,1.0742025958949732,-0.0610201881465039,-0.2410603348715171
cmd_pose,1.207651124,20.0,0.0,0.0
odom,1.229871179,1.0795354979676488,-0.06534371408516741,-0.250510937064822
odom,1.280510508,1.0851164068412638,-0.06985274762859647,-0.2601022990079622
cmd_pose,1.308649062,20.0,0.0,0.0
odom,1.330228501,1.0909334017918781,-0.07454363250412706,-0.26982555835921723
odom,1.381039497,1.0970033679628277,-0.07942340275803071,-0.2796800683251336
cmd_pose,1.407487127,20.0,0.0,0.0
odom,1.431117521,1.10332358469595,-0.08449244820976567,-0.28965995835030245
odom,1.481353674,1.1099115323589361,-0.08975814259492217,-0.2997638410265798
cmd_pose,1.507654519,20.0,0.0,0.0
odom,1.531460306,1.1167585125818271,-0.09521829787777239,-0.3099837779117101
odom,1.582397641,1.123882912838577,-0.10088093725518682,-0.32031871497862274
cmd_pose,1.607450332,20.0,0.0,0.0
odom,1.632626709,1.131275623224477,-0.10674362406806105,-0.3307599293295247
odom,1.682772266,1.1389556570565138,-0.11281443151406972,-0.34130629957269515
cmd_pose,1.707490653,20.0,0.0,0.0
odom,1.73289196,1.1469134609065739,-0.11909087010690829,-0.3519484830823983
odom,1.783991479,1.155168537961936,-0.12558074678592993,-0.3626850116368101
cmd_pose,1.807388599,20.0,0.0,0.0
odom,1.833549992,1.1637109763206843,-0.13228335726014118,-0.37350607671416086
odom,1.883191248,1.1725610888160192,-0.13921327792569785,-0.38441030692858147
cmd_pose,1.908071167,20.0,0.0,0.0
odom,1.934885019,1.1817085609010292,-0.14636710858169205,-0.3953885873131194
odom,1.98511197,1.1911742801764884,-0.1537579644870877,-0.4064400767462607
cmd_pose,2.00767784,20.0,0.0,0.0
odom,2.039963808,1.2009474567159728,-0.1613784942670336,-0.4175567240729424
odom,2.087918633,1.2110494210004743,-0.16923875448593792,-0.4287381748801835
cmd_pose,2.107693174,20.0,0.0,0.0
odom,2.139663257,1.2214688794325033,-0.1773281226924338,-0.4399774527761957
odom,2.18925243,1.2322275457546537,-0.18565411709995,-0.4512744621532072
cmd_pose,2.20873902,20.0,0.0,0.0
odom,2.255279932,1.243332357985356,-0.19421388436190923,-0.46262446265112134
odom,2.305266621,1.2547905954414167,-0.203005489180917,-0.47402644090387364
cmd_pose,2.307300943,20.0,0.0,0.0
odom,2.355483459,1.2666039702467182,-0.21202225088684834,-0.4854758960352686
odom,2.406644813,1.2787807887928695,-0.22126089685876965,-0.4969719844540718
cmd_pose,2.407367847,20.0,0.0,0.0
odom,2.458446983,1.291322623528966,-0.23071370226756918,-0.5085106456673595
odom,2.507059731,1.3042378072382097,-0.2403765377074615,-0.520090914026275
cmd_pose,2.508438696,20.0,0.0,0.0
odom,2.556781718,1.3175277417343663,-0.2502409441450734,-0.5317090151045238
odom,2.607435875,1.3312007326656543,-0.26030225288283254,-0.5433636706221157
cmd_pose,2.608671882,20.0,0.0,0.0
odom,2.657462176,1.3452580177167943,-0.2705514875086059,-0.5550512745461587
odom,2.707039809,1.3597078675830123,-0.2809836253701396,-0.5667700981250051
cmd_pose,2.707427411,20.0,0.0,0.0
odom,2.757424146,1.3745513525598072,-0.2915892606265623,-0.5785166280534522
cmd_pose,2.807351065,20.0,0.0,0.0
odom,2.808279157,1.3897966859045217,-0.3023630801089611,-0.5902885956408824
odom,2.857509424,1.405444919765141,-0.3132961905501591,-0.6020825832778857
cmd_pose,2.907535713,20.0,0.0,0.0
odom,2.908610711,1.4215043072681606,-0.32438356849196753,-0.613896060709762
odom,2.95776707,1.437975630426291,-0.3356151077057754,-0.6257260773614548
cmd_pose,3.007509112,20.0,0.0,0.0
odom,3.008417595,1.4548669481090228,-0.3469849177965955,-0.6375698912603338
odom,3.05802717,1.4721787679641203,-0.3584819516014839,-0.6494249994824636
cmd_pose,3.107670142,20.0,0.0,0.0
odom,3.109028397,1.4899189141878355,-0.3700996224627452,-0.6612884383400967
odom,3.159579828,1.5080875663932145,-0.3818258839977935,-0.6731581744331084
cmd_pose,3.207601049,20.0,0.0,0.0
odom,3.209539336,1.5266922382919221,-0.3936534210778175,-0.6850310217516064
odom,3.259441772,1.5457327416071187,-0.4055693077953661,-0.6969054331211348
cmd_pose,3.307908321,20.0,0.0,0.0
odom,3.309226535,1.5652162157068448,-0.41756563751610803,-0.7087780114260165
odom,3.359480946,1.5851420439904766,-0.4296285711281986,-0.7206477231541847
cmd_pose,3.408000964,20.0,0.0,0.0
odom,3.410100456,1.6055169144894152,-0.441749628200905,-0.7325109720491118
odom,3.461403459,1.62633969304483,-0.45391398395643395,-0.7443708554861606
cmd_pose,3.508198644,20.0,0.0,0.0
odom,3.512144358,1.6476165258533282,-0.4661125961120779,-0.7562272845766574
odom,3.55997672,1.6693454721408278,-0.4783290059488586,-0.76810744144658
cmd_pose,3.608234332,20.0,0.0,0.0
odom,3.610993297,1.691531923862658,-0.4905532361576675,-0.7800362509454256
odom,3.660489432,1.714189109940592,-0.5027873645135736,-0.7919302327866259
cmd_pose,3.708190517,20.0,0.0,0.0
odom,3.71125706,1.7373041702554115,-0.5150020409828153,-0.8037711867746126
odom,3.760535519,1.7608914329452765,-0.5272009737995917,-0.8155714456746087
cmd_pose,3.807462551,20.0,0.0,0.0
odom,3.810918822,1.7849365142394098,-0.5393504476707517,-0.8273599040413337
odom,3.86087264,1.8094546368352293,-0.5514584441798774,-0.8391208814556813
cmd_pose,3.907625971,20.0,0.0,0.0
odom,3.912769189,1.834429739589789,-0.5634884106727922,-0.8508643855923532
odom,3.961593576,1.859876917875412,-0.5754500512470085,-0.8625779333982754
cmd_pose,4.008850983,20.0,0.0,0.0
odom,4.013708429,1.8857787374444852,-0.5873049203025088,-0.8742719961815817
odom,4.061690639,1.9121503068802204,-0.5990646234667665,-0.8859345360083557
cmd_pose,4.108794868,20.0,0.0,0.0
odom,4.113360254,1.9389728738952912,-0.6106892731409085,-0.8975756661986031
odom,4.162313346,1.9662621946386702,-0.6221900244437277,-0.909183489996957
cmd_pose,4.208310366,20.0,0.0,0.0
odom,4.214531423,1.9939974531199314,-0.6335294532286524,-0.9207678792866982
odom,4.262654885,2.022193997600932,-0.6447222620605303,-0.9323174229133638
cmd_pose,4.307362422,20.0,0.0,0.0
odom,4.312546938,2.0508304454185287,-0.6557262323963974,-0.9438420557942184
odom,4.363374553,2.079923047783611,-0.6665590996029761,-0.9553303929121237
cmd_pose,4.408338626,20.0,0.0,0.0
odom,4.414874875,2.109448756953314,-0.6771777875538715,-0.9667924502435961
odom,4.463366286,2.1394248714114106,-0.6876023765397435,-0.9782168691326177
cmd_pose,4.507499202,20.0,0.0,0.0
odom,4.513723298,2.1698267167077234,-0.6977890064098521,-0.9896137981652456
odom,4.563789821,2.200673009967684,-0.7077601109277819,-1.0009718459596146
cmd_pose,4.607533008,20.0,0.0,0.0
odom,4.615242421,2.2319374541386656,-0.7174713249273618,-1.0123013124152234
odom,4.664703315,2.2636406072371185,-0.7269473400168929,-1.0235907488054516
cmd_pose,4.707540712,20.0,0.0,0.0
odom,4.714604255,2.295754543030092,-0.7361435196559731,-1.0348506036311538
odom,4.764876547,2.328302121771236,-0.7450866434970528,-1.0460693608398879
cmd_pose,4.807680289,20.0,0.0,0.0
odom,4.815654424,2.3612537962933837,-0.753732040560729,-1.0572575994374862
odom,4.86836424,2.394635199568188,-0.7621083029633353,-1.0684037366390655
cmd_pose,4.908641011,20.0,0.0,0.0
odom,4.918172088,2.428415188970747,-0.7701709638851773,-1.0795184525118962
odom,4.969070004,2.4626226262360063,-0.7779500363838269,-1.0905901043910964
cmd_pose,5.008345269,20.0,0.0,0.0
odom,5.019129889,2.49722481618516,-0.7854014958074819,-1.101629436017419
odom,5.070550387,2.5322239694268722,-0.7925024583685341,-1.1126278341974671
cmd_pose,5.107287899,20.0,0.0,0.0
odom,5.12185799,2.5675866243521623,-0.7992025304364567,-1.1235937999250332
odom,5.170980398,2.603311498637921,-0.805540681574827,-1.1345079503981823
cmd_pose,5.207614471,20.0,0.0,0.0
odom,5.221906695,2.6393635758035,-0.811475544682654,-1.1453738522564154
odom,5.278384454,2.675708166083792,-0.817036907182342,-1.1561697989518374
cmd_pose,5.3078368,20.0,0.0,0.0
odom,5.328620037,2.712315436152765,-0.82218714955763,-1.1668944489662412
odom,5.379028756,2.74917037592308,-0.8269563133064353,-1.1775330885869209
cmd_pose,5.408769482,20.0,0.0,0.0
odom,5.429513725,2.78625397322573,-0.8313096665902323,-1.188082671050914
odom,5.479755977,2.8235706636570272,-0.8352747397684952,-1.198534908186692
cmd_pose,5.507501239,20.0,0.0,0.0
odom,5.529191504,2.861108176637658,-0.8388180843598559,-1.2088859750928735
odom,5.580904538,2.898881783038157,-0.8419634433153921,-1.2191312531563339
cmd_pose,5.608769433,20.0,0.0,0.0
odom,5.630418212,2.9368818936160106,-0.8446781952843061,-1.2292661924569155
odom,5.68081315,2.9751311590383356,-0.8469820096858053,-1.23928843593944
cmd_pose,5.708070446,20.0,0.0,0.0
odom,5.730922104,3.0136284562775324,-0.8488518924324316,-1.2491914884832664
odom,5.781384649,3.0524050403474945,-0.8503050758006626,-1.2589727505723343
cmd_pose,5.808522342,20.0,0.0,0.0
odom,5.831644599,3.0914320005366807,-0.8512976118923751,-1.2686315728760436
odom,5.880905344,3.1307487617326157,-0.8518424943835844,-1.2781641305526086
cmd_pose,5.908319591,20.0,0.0,0.0
odom,5.932382539,3.1703494506077097,-0.8519160786565927,-1.2875664232479045
odom,5.981968753,3.210272968932879,-0.8515267834933302,-1.296834229857474
cmd_pose,6.007911953,20.0,0.0,0.0
odom,6.032313151,3.250492434122287,-0.8506409820356093,-1.30596707427119
odom,6.08233238,3.2910564330213905,-0.8492594244275807,-1.314958116003316
cmd_pose,6.109120237,20.0,0.0,0.0
odom,6.13201552,3.331942264042196,-0.8475829081067814,-1.3238246208783089
odom,6.182895872,3.3732819729624173,-0.8468101200553324,-1.3326411260287099
cmd_pose,6.207236513,20.0,0.0,0.0
odom,6.232095022,3.415099347308562,-0.8469368731765414,-1.3414153496288124
odom,6.283357909,3.45747083633715,-0.8478827505325962,-1.3501276160615747
cmd_pose,6.308393869,20.0,0.0,0.0
odom,6.332937664,3.500402033776918,-0.8495106085187043,-1.35877660459537
odom,6.3839058,3.543957609511518,-0.8518417891018055,-1.3673471910286494
cmd_pose,6.407755264,20.0,0.0,0.0
odom,6.433090346,3.5881373224065194,-0.8547401232809155,-1.375838346924409
odom,6.483154009,3.6330121594376283,-0.858230161669347,-1.38423612355001
cmd_pose,6.50754386,20.0,0.0,0.0
odom,6.534598313,3.6785720677308085,-0.8621717239054512,-1.3925385481468529
odom,6.583715828,3.724891569526865,-0.8665975949405469,-1.4007326235201565
cmd_pose,6.607891825,20.0,0.0,0.0
odom,6.633987399,3.771948296402683,-0.8713677133204258,-1.4088149872656555
odom,6.684764572,3.8198173011593184,-0.8765212663459608,-1.4167728427238617
cmd_pose,6.708098755,20.0,0.0,0.0
odom,6.734944416,3.8684634167311804,-0.8819211409547205,-1.4246012887073867
odom,6.78489562,3.917960962274199,-0.8876115525631144,-1.4322873569132453
cmd_pose,6.807665126,20.0,0.0,0.0
odom,6.835158395,3.968262456924506,-0.8934606651390508,-1.4398246870588327
odom,6.885912957,4.019440450528766,-0.8995164637781657,-1.4471998981657237
cmd_pose,6.907437372,20.0,0.0,0.0
odom,6.934950982,4.07143616597556,-0.9056542623533558,-1.454405373491358
odom,6.985915213,4.124319539576247,-0.9119245982138761,-1.4614271788643525
cmd_pose,7.007921665,20.0,0.0,0.0
odom,7.035539767,4.178021812009486,-0.9182114604111601,-1.4682567097759067
odom,7.086291295,4.2326094297257235,-0.924566823901867,-1.4748795416563059
cmd_pose,7.107826934,20.0,0.0,0.0
odom,7.135658171,4.288005060415216,-0.9308846064687122,-1.4812870825496307
odom,7.186986158,4.344270617350692,-0.9372172261677711,-1.4874654000861829
cmd_pose,7.207975182,20.0,0.0,0.0
odom,7.237283713,4.401321776914581,-0.9434696006123444,-1.4934065746781378
odom,7.286156993,4.45921512691195,-0.9496937094368215,-1.4990957317137916
cmd_pose,7.3075136,20.0,0.0,0.0
odom,7.336894822,4.517861093866482,-0.955806340636008,-1.5045257159684025
odom,7.386357063,4.577310053279127,-0.9618582024271316,-1.509680071195461
cmd_pose,7.40792776,20.0,0.0,0.0
odom,7.436789266,4.6374689976350485,-0.9677786446840559,-1.5145526633292241
odom,7.487005683,4.698381146574775,-0.9736163260893131,-1.519125465861762
cmd_pose,7.507465741,20.0,0.0,0.0
odom,7.537398589,4.759951781180173,-0.9793136876041451,-1.5233935294268595
odom,7.5878956,4.822216101267789,-0.9849166044722186,-1.5273372695766951
cmd_pose,7.607528299,20.0,0.0,0.0
odom,7.637585108,4.885079360779874,-0.9903809641639336,-1.5309529374846154
odom,7.688250223,4.948567917997341,-0.9957491827051221,-1.5342193764702112
cmd_pose,7.707426745,20.0,0.0,0.0
odom,7.737883412,5.012588734992474,-1.000990764105799,-1.5371339364563337
odom,7.789105931,5.077158492313438,-1.0061440280617957,-1.5396739579653764
cmd_pose,7.807710048,20.0,0.0,0.0
odom,7.838514422,5.142186543210528,-1.0111920039086018,-1.5418374512889792
odom,7.888674124,5.207679190290289,-1.0161684166818161,-1.543599248994412
cmd_pose,7.907696581,20.0,0.0,0.0
odom,7.938910081,5.27355268368639,-1.0210695431044177,-1.544958111424974
odom,7.988759832,5.339801120390738,-1.0259239669963038,-1.5458887792914482
cmd_pose,8.007625741,20.0,0.0,0.0
odom,8.039541069,5.406327330309953,-1.0307387392912448,-1.546389222983472
odom,8.088973043,5.473033288782299,-1.0355218095787255,-1.546429060023467
cmd_pose,8.107794681,20.0,0.0,0.0
odom,8.140026509,5.539844332037421,-1.0402918616346686,-1.5460066186779098
odom,8.191145548,5.606674322519127,-1.0450538976835924,-1.5450926231450808
cmd_pose,8.208118407,20.0,0.0,0.0
odom,8.240944304,5.673477245758228,-1.0498372099525297,-1.5436857413010312
odom,8.290314911,5.740183068167128,-1.0546405561926664,-1.5417581592123863
cmd_pose,8.307486411,20.0,0.0,0.0
odom,8.340455105,5.806754930974667,-1.0594883536066748,-1.5393049934545764
odom,8.391918879,5.873133321370941,-1.0643778129952923,-1.536304093386739
cmd_pose,8.407676291,20.0,0.0,0.0
odom,8.441203853,5.939298545577649,-1.0693404157887423,-1.5327475099796763
odom,8.491492104,6.005200405914532,-1.0743659536482624,-1.5286161532335818
cmd_pose,8.507386855,20.0,0.0,0.0
odom,8.542124181,6.070831423781566,-1.0794880722772542,-1.5238986712870677
odom,8.592691068,6.136149738972381,-1.0846917985680076,-1.5185795743052688
cmd_pose,8.607699744,20.0,0.0,0.0
odom,8.642282208,6.201156253607599,-1.0900118698331522,-1.512645135291541
odom,8.693725962,6.265815984801484,-1.0954300889246953,-1.5060825950635957
cmd_pose,8.70747654,20.0,0.0,0.0
odom,8.742325455,6.330135508987485,-1.100981407251034,-1.4988763467992567
odom,8.7925255,6.394085037434011,-1.1066456163075582,-1.4910155507164284
cmd_pose,8.80759448,20.0,0.0,0.0
odom,8.842858343,6.457674370584295,-1.1124573806073919,-1.4824828926054514
odom,8.894378966,6.520877483801978,-1.1183953161288267,-1.4732687689373687
cmd_pose,8.907463586,20.0,0.0,0.0
odom,8.943259479,6.5837053688510565,-1.1244935141758297,-1.4633542743440857
odom,8.995320543,6.64613443564382,-1.130730079454247,-1.4527304933054213
cmd_pose,9.007415453,20.0,0.0,0.0
odom,9.043639752,6.70817528968685,-1.137138351191689,-1.4413770282202956
odom,9.094501976,6.769805629308391,-1.1436964270856405,-1.4292852385378532
cmd_pose,9.107296713,20.0,0.0,0.0
odom,9.144591838,6.831034497696569,-1.1504367868071195,-1.4164333450283648
odom,9.19512025,6.891839945426908,-1.1573379065861957,-1.4028126939349799
cmd_pose,9.208307183,20.0,0.0,0.0
odom,9.244313055,6.952228606424828,-1.1644313433003957,-1.3884002628406649
odom,9.29625682,7.012178150315871,-1.1716962478776547,-1.373187210886488
cmd_pose,9.308069725,20.0,0.0,0.0
odom,9.345542687,7.0716922094911565,-1.179163217701291,-1.3571494479053796
odom,9.395337169,7.130747509622041,-1.1868123113310063,-1.3402778759571323
cmd_pose,9.407642189,20.0,0.0,0.0
odom,9.445536275,7.189344265899321,-1.1946731392780607,-1.3225475581755022
odom,9.495386313,7.247457736957846,-1.202726864810294,-1.3039491749408079
cmd_pose,9.507530702,20.0,0.0,0.0
odom,9.54567378,7.305084352934687,-1.2110020753420758,-1.2844572317580714
odom,9.595839942,7.362197081861362,-1.2194811708509194,-1.2640623950989434
cmd_pose,9.607795259,20.0,0.0,0.0
odom,9.646264508,7.41878831643755,-1.2281918396184153,-1.2427389044513735
odom,9.696596159,7.474829456962831,-1.2371174629815378,-1.2204776201885281
cmd_pose,9.707566329,20.0,0.0,0.0
odom,9.746548237,7.53031032857701,-1.2462848754081275,-1.1972524679266503
odom,9.798009017,7.585203893538385,-1.2556795175823328,-1.173053606359603
cmd_pose,9.807641338,20.0,0.0,0.0
odom,9.84745562,7.6395657927964296,-1.2654402709358568,-1.1483206214779893
odom,9.897793934,7.693521690123122,-1.2757637252798908,-1.1239094299845542
cmd_pose,9.9077516,20.0,0.0,0.0
odom,9.94795477,7.747092807626817,-1.2866735601023689,-1.0998049699975503
odom,9.998997788,7.80026514220447,-1.2981225860988022,-1.0758643671487893
cmd_pose,10.007831595,20.0,0.0,0.0
odom,10.047963492,7.853053014782562,-1.3101400930283216,-1.0521154933057846
odom,10.099256585,7.905444373781844,-1.3226973180395059,-1.0285185423264942
cmd_pose,10.107578703,20.0,0.0,0.0
odom,10.148938376,7.9574506087205,-1.3358195851189958,-1.0050971574316325
odom,10.1993031,8.009055323354907,-1.3494744835338495,-0.9818129352480185
cmd_pose,10.207352114,20.0,0.0,0.0
odom,10.249466621,8.060148995820658,-1.3636416803113378,-0.958706321658007
odom,10.299486076,8.110500142894534,-1.3781784839883946,-0.935796737357242
cmd_pose,10.307863211,20.0,0.0,0.0
odom,10.349202547,8.160003328052978,-1.3930590935977845,-0.9131308813339258
odom,10.399779416,8.208409330435774,-1.4081071954549704,-0.8907592966356831
cmd_pose,10.408713692,20.0,0.0,0.0
odom,10.449618869,8.255739471559764,-1.423343360749437,-0.8687139126995592
odom,10.499727385,8.301934670601637,-1.4386784387398428,-0.8470290332126529
cmd_pose,10.507241416,20.0,0.0,0.0
odom,10.550106556,8.347054012676914,-1.4536805208999235,-0.825835208366972
odom,10.601644825,8.39110101732924,-1.4672138828368297,-0.8053996850228593
cmd_pose,10.607197005,20.0,0.0,0.0
odom,10.650779359,8.434222755003379,-1.47939705756047,-0.785707861668632
odom,10.70068359,8.476564738735977,-1.4903237878833169,-0.7667126337364186
cmd_pose,10.707507719,20.0,0.0,0.0
odom,10.750761162,8.518289206746584,-1.5000995491253488,-0.7483668424429456
odom,10.801225447,8.559536199256637,-1.5086569570797106,-0.7306697102946795
cmd_pose,10.807707884,20.0,0.0,0.0
odom,10.851580403,8.600462747869914,-1.516025619676857,-0.7135995507397346
odom,10.90212839,8.641207308951694,-1.522194237968287,-0.6971265115391709
cmd_pose,10.908610923,20.0,0.0,0.0
odom,10.951966284,8.68191265187591,-1.527185791131291,-0.6812168792963442
odom,11.001886707,8.722713576743432,-1.5309761062888803,-0.6658467248968735
cmd_pose,11.008585401,20.0,0.0,0.0
odom,11.052084752,8.763735294069578,-1.5335742586079897,-0.6509753083211401
odom,11.10298474,8.805108209041935,-1.5349529936844046,-0.6365821469411367
cmd_pose,11.107988144,20.0,0.0,0.0
odom,11.152364574,8.846936121824793,-1.5351183855081652,-0.6226216622917141
odom,11.203860248,8.889341080085536,-1.5340701406360187,-0.6090735738562296
cmd_pose,11.208381942,20.0,0.0,0.0
odom,11.252815816,8.932402981548144,-1.5318389468757632,-0.5958869175496895
odom,11.304447572,8.976227727695868,-1.528444363191526,-0.5830502933402992
cmd_pose,11.308368674,20.0,0.0,0.0
odom,11.353286129,9.020880490081906,-1.5239146407416162,-0.5705128335104112
odom,11.404623535,9.066465363545667,-1.5182645074195058,-0.5582725778391989
cmd_pose,11.408597212,20.0,0.0,0.0
odom,11.453961991,9.113025137809652,-1.5115214950368414,-0.5462812990477797
odom,11.50451734,9.160655542622521,-1.5036974620633523,-0.5345494562833168
cmd_pose,11.508639733,20.0,0.0,0.0
odom,11.555305496,9.209378300534029,-1.4948180638901856,-0.5230322891489222
odom,11.60581486,9.259281673338029,-1.484891893163279,-0.5117545600754054
cmd_pose,11.608473981,20.0,0.0,0.0
odom,11.655625843,9.310365755362351,-1.4739419057320942,-0.5006760611015608
cmd_pose,11.707444027,20.0,0.0,0.0
odom,11.711112978,9.36271123537163,-1.4619733604021339,-0.48983812597861687
odom,11.761357646,9.416399847824886,-1.4489442213952237,-0.4792267122821609
cmd_pose,11.807920907,20.0,0.0,0.0
odom,11.812744545,9.471370222426678,-1.4349223002431262,-0.46887253826372033
odom,11.861689593,9.52773755583076,-1.4198629004608039,-0.4587878080227128
cmd_pose,11.90827355,20.0,0.0,0.0
odom,11.91330722,9.5853921709167,-1.403819367595093,-0.4490020449110187
odom,11.962954626,9.644444300708603,-1.386758950810389,-0.4395592825729511
cmd_pose,12.007617007,20.0,0.0,0.0
odom,12.013072278,9.704738690931936,-1.3687228485630505,-0.4304863635242622
odom,12.062665226,9.76637545959216,-1.3496937976681258,-0.4218578253325592
cmd_pose,12.107654808,20.0,0.0,0.0
odom,12.114616876,9.82916303668089,-1.3297008883421049,-0.4136963882167951
odom,12.163656851,9.893170480728987,-1.3087537577776063,-0.406103976651255
cmd_pose,12.207303017,20.0,0.0,0.0
odom,12.213355343,9.958175393945938,-1.286873377687046,-0.39909729428751833
odom,12.263206879,10.024005237205232,-1.264181094266838,-0.3927990263049911
cmd_pose,12.308384504,20.0,0.0,0.0
odom,12.314473232,10.090391184694534,-1.240724440978073,-0.3872155245246036
odom,12.363840844,10.157087197129439,-1.2166647502223737,-0.38247047335625806
cmd_pose,12.409008546,20.0,0.0,0.0
odom,12.414618037,10.22386688212713,-1.1920437937749537,-0.3785588126399145
odom,12.464425141,10.290569130563007,-1.1669921064907405,-0.3755954865082328
cmd_pose,12.50899963,20.0,0.0,0.0
odom,12.516067688,10.357045730435829,-1.141520931792714,-0.37356980445579396
odom,12.564475346,10.42320488936705,-1.115733301533462,-0.3725859987385551
cmd_pose,12.608989375,20.0,0.0,0.0
odom,12.616663591,10.488948129366674,-1.0896192401160272,-0.3726319776235194
odom,12.666830699,10.554231973841633,-1.0632603137928807,-0.37380309438162024
cmd_pose,12.707869484,20.0,0.0,0.0
odom,12.717071648,10.618985291601888,-1.0366343711842079,-0.3760892077273633
odom,12.765999138,10.68313321707107,-1.0098352399114403,-0.37956967504051
cmd_pose,12.807707447,20.0,0.0,0.0
odom,12.81606069,10.746610014165451,-0.9828456048674139,-0.3842340913447839
odom,12.866067585,10.80869790286929,-0.9560599126593341,-0.3900073236868219
cmd_pose,12.907359684,20.0,0.0,0.0
odom,12.916124293,10.869282899867095,-0.9295619933387579,-0.39682284264237755
odom,12.966319369,10.928070103725908,-0.9047464581033722,-0.4042282464231891
cmd_pose,13.008687096,20.0,0.0,0.0
odom,13.016347794,10.985255194502429,-0.8820493121218133,-0.41204351723451904
odom,13.067393242,11.040629680582962,-0.8614041895059695,-0.42021307370272165
cmd_pose,13.107279613,20.0,0.0,0.0
odom,13.118476931,11.094406468382763,-0.8426217862436626,-0.4287761728956162
odom,13.166876149,11.146470755979484,-0.8256564758337068,-0.437611930649819
cmd_pose,13.207225735,20.0,0.0,0.0
odom,13.217329313,11.197057020313713,-0.8103638455873845,-0.44676524248440186
odom,13.267083967,11.246123859456445,-0.7966806120500314,-0.4561238166011039
cmd_pose,13.307811258,20.0,0.0,0.0
odom,13.319903103,11.29389939904322,-0.7844832755597542,-0.4657575664069796
odom,13.36803399,11.340385553219688,-0.7737080206481999,-0.4755626392676226
cmd_pose,13.407464031,20.0,0.0,0.0
odom,13.418387214,11.38578521343918,-0.7642491691760841,-0.4856238704214126
odom,13.470129579,11.430122703514176,-0.7560338744252596,-0.49585581441902543
cmd_pose,13.507708899,20.0,0.0,0.0
odom,13.518897981,11.473563382918185,-0.7489576326526343,-0.506355220643884
odom,13.569380985,11.516146216282047,-0.7429546757065993,-0.5170532062122097
cmd_pose,13.607335279,20.0,0.0,0.0
odom,13.618954076,11.55800234776343,-0.7379351656829286,-0.5280461876200452
odom,13.669344112,11.59918030571286,-0.7338466946864535,-0.5392807962462768
cmd_pose,13.707327958,20.0,0.0,0.0
odom,13.718921396,11.639780439844031,-0.7306157555465392,-0.550846474978912
odom,13.769662143,11.679856607202197,-0.7282038108434619,-0.5627048818297966
cmd_pose,13.807354369,20.0,0.0,0.0
odom,13.819741368,11.719481970701349,-0.7265522909166314,-0.5749346834161616
odom,13.870324473,11.758711939559648,-0.7256346882803245,-0.5875119260581666
cmd_pose,13.908028277,20.0,0.0,0.0
odom,13.920285704,11.797595839316697,-0.7254050540015295,-0.600502478039909
odom,13.972152148,11.836130085601946,-0.7257941068529917,-0.6138794362187857
cmd_pose,14.007489882,20.0,0.0,0.0
odom,14.02057606,11.874327118131156,-0.726745195036298,-0.6276938872228249
odom,14.071227678,11.912238924781441,-0.7282611117097537,-0.6419391448288947
cmd_pose,14.107629202,20.0,0.0,0.0
odom,14.120992675,11.949892180573288,-0.7303287148797284,-0.6566590606320638
odom,14.17295884,11.987329456886684,-0.7329594004155106,-0.6718496656661682
cmd_pose,14.208199253,20.0,0.0,0.0
odom,14.221727765,12.024551504441993,-0.7361301035387846,-0.6875442125714022
odom,14.272218938,12.061593979109924,-0.7398575893508595,-0.7037391362032385
cmd_pose,14.307596302,20.0,0.0,0.0
odom,14.322276623,12.09845103759057,-0.7441259639432367,-0.7204621237923396
odom,14.372720525,12.135149171669124,-0.7489532309232684,-0.7377060612168489
cmd_pose,14.40745398,20.0,0.0,0.0
odom,14.422421387,12.17173292673252,-0.7543145346869026,-0.7553784520237808
odom,14.475280184,12.208786189777934,-0.7602335715182733,-0.772475781718715
cmd_pose,14.507222549,20.0,0.0,0.0
odom,14.522996463,12.246372351147993,-0.766723248477876,-0.7888624595771275
odom,14.57351309,12.284426083502026,-0.7738478506091728,-0.8047212811262318
cmd_pose,14.607859534,20.0,0.0,0.0
odom,14.623616979,12.32286433659346,-0.7816037947079356,-0.8200926138670233
odom,14.673576745,12.36167262026346,-0.7900124220678014,-0.8349829196762655
cmd_pose,14.707235501,20.0,0.0,0.0
odom,14.724252971,12.400780326963591,-0.7990715247726647,-0.8493857910844292
odom,14.774512903,12.440197414776485,-0.8088143143217761,-0.8633330666797918
cmd_pose,14.807938099,20.0,0.0,0.0
odom,14.824570011,12.479857432129206,-0.819244373744545,-0.876811548186079
odom,14.874758769,12.51976481787659,-0.830387590091808,-0.8898496213912264
cmd_pose,14.907517299,20.0,0.0,0.0
odom,14.926585331,12.55985786681754,-0.8422505749804952,-0.9024255699489129
odom,14.976906624,12.6001438408337,-0.8548560123437586,-0.9145667012593413
cmd_pose,15.007294562,20.0,0.0,0.0
odom,15.025984226,12.64054774968698,-0.8682087053467359,-0.9262458843406864
odom,15.077101714,12.680930296051896,-0.8822521384487426,-0.9374823433785423
cmd_pose,15.107272715,20.0,0.0,0.0
odom,15.131753183,12.721200818482629,-0.8969617411340933,-0.948230036430259
odom,15.182429059,12.761227391898812,-0.9122597588742496,-0.9584957510672868
cmd_pose,15.20776062,20.0,0.0,0.0
odom,15.231853559,12.801031646324404,-0.9277423534490725,-0.9683213289931849
odom,15.282071369,12.84086649943875,-0.9413228149068897,-0.9780215954540992
cmd_pose,15.307404657,20.0,0.0,0.0
odom,15.332465086,12.880740856322392,-0.9530249622618222,-0.9875752147936788
odom,15.382447675,12.920561272666482,-0.9629660748805543,-0.9968902556394403
cmd_pose,15.407856287,20.0,0.0,0.0
odom,15.433527813,12.960387386578814,-0.9713083498684176,-1.005902022525104
odom,15.483085955,13.00018725313567,-0.9779596275476795,-1.0145482642697754
cmd_pose,15.50767275,20.0,0.0,0.0
odom,15.536449622,13.040067619584288,-0.9830390989799862,-1.022786651143596
odom,15.585241636,13.080081571961312,-0.986490420576608,-1.0305605891946577
cmd_pose,15.607403927,20.0,0.0,0.0
odom,15.637145285,13.12034412966372,-0.9884469583760072,-1.0378306444099534
odom,15.68593638,13.16093338205379,-0.9889265012731154,-1.0445336286571891
cmd_pose,15.708236818,20.0,0.0,0.0
odom,15.735762161,13.201938919970942,-0.988100048446969,-1.0506268898712832
odom,15.786784375,13.24342649711986,-0.9860020083286141,-1.056052896922086
cmd_pose,15.807366148,20.0,0.0,0.0
odom,15.835974531,13.285463584271648,-0.982821950118061,-1.0607765795011783
odom,15.886328154,13.328116480246022,-0.9785934324904041,-1.064764443457226
cmd_pose,15.907485414,20.0,0.0,0.0
odom,15.937066655,13.371414265330287,-0.9735112571498638,-1.0680053762893613
odom,15.986623,13.41539751238649,-0.9676065007167951,-1.0704826935632923
cmd_pose,16.007736287,20.0,0.0,0.0
odom,16.036753996,13.46006425810051,-0.9610733510166127,-1.072203244694303
odom,16.088266345,13.505424214852448,-0.9539363249004873,-1.0731551980913872
cmd_pose,16.10744471,20.0,0.0,0.0
odom,16.137532404,13.551461011721974,-0.9463840570886257,-1.073349946074358
odom,16.187359295,13.598176155970819,-0.9384389023377687,-1.0727754886522856
cmd_pose,16.207332131,20.0,0.0,0.0
odom,16.237329019,13.645543374928849,-0.9302806210961017,-1.0714478230659161
odom,16.288817904,13.693558802370887,-0.9219297765787604,-1.069355244915391
cmd_pose,16.308044347,20.0,0.0,0.0
odom,16.33862823,13.742188373496791,-0.9135552622326364,-1.0665192987108978
odom,16.388455302,13.791423096147387,-0.9051773536261687,-1.062929499215859
cmd_pose,16.407429955,20.0,0.0,0.0
odom,16.438317883,13.841223259479518,-0.8969530927364596,-1.0586134520685497
odom,16.488422365,13.891575197772765,-0.8889035583568503,-1.0535627855403462
cmd_pose,16.5074267,20.0,0.0,0.0
odom,16.538625174,13.942430429767072,-0.8811699059827182,-1.0478107886816106
odom,16.588979343,13.993748063051681,-0.8737564308153069,-1.041340108528845
cmd_pose,16.60741139,20.0,0.0,0.0
odom,16.638851494,14.045479404998204,-0.8667882853770748,-1.0341707598779448
odom,16.68901529,14.097578838058267,-0.8602635427097387,-1.0262698827728383
cmd_pose,16.707534852,20.0,0.0,0.0
odom,16.739490982,14.1499999623133,-0.8542927231668554,-1.0176452299072813
odom,16.789475054,14.202700914696196,-0.8488727798474061,-1.0082545695279606
cmd_pose,16.807773427,20.0,0.0,0.0
odom,16.839887467,14.255636438851806,-0.8441021303513129,-0.9981018766253372
odom,16.89035501,14.308767451565036,-0.8399819780693124,-0.987145911627305
cmd_pose,16.907298947,20.0,0.0,0.0
odom,16.940774977,14.362048542865313,-0.8365991350340273,-0.9753962440861649
odom,16.990679629,14.415439997445345,-0.8339545095380562,-0.9628182400545083
cmd_pose,17.007243362,20.0,0.0,0.0
odom,17.041232086,14.46889673389781,-0.8321255127725992,-0.9494284502338056
odom,17.091216427,14.522380313656853,-0.8311193444481203,-0.9352024163854675
cmd_pose,17.107364847,20.0,0.0,0.0
odom,17.141217059,14.575838279727595,-0.8310072951833855,-0.9201666194676039
odom,17.19153188,14.629216220831395,-0.8318255046163727,-0.9043055556607386
cmd_pose,17.207347235,20.0,0.0,0.0
odom,17.241406762,14.68247041497869,-0.8336190578467717,-0.8876508998668242
odom,17.292167684,14.73556075880556,-0.8364033078266392,-0.8702051510121585
cmd_pose,17.308095229,20.0,0.0,0.0
odom,17.341750344,14.788442260814335,-0.8402257777449974,-0.8520090186389475
odom,17.393377049,14.841068191229317,-0.8450936056556407,-0.83306876001969
cmd_pose,17.408218787,20.0,0.0,0.0
odom,17.442289545,14.893395247595606,-0.8510365889215608,-0.8134213546668055
odom,17.492535431,14.94537669315438,-0.8580639628887785,-0.79308064871135
cmd_pose,17.507239681,20.0,0.0,0.0
odom,17.543884563,14.996970048605213,-0.8661997725023124,-0.7720830225208676
odom,17.594403802,15.048128074845545,-0.875449107817155,-0.750445921692864
cmd_pose,17.607435356,20.0,0.0,0.0
odom,17.643112961,15.098809862276571,-0.8858279607172009,-0.7282018089813028
odom,17.693154494,15.148967816903767,-0.8973366984775115,-0.7053700026289458
cmd_pose,17.707386385,20.0,0.0,0.0
odom,17.74372929,15.198563152886232,-0.9099846563388866,-0.681979041683281
odom,17.793575715,15.247548294831402,-0.9237676693630145,-0.6580493434980754
cmd_pose,17.807368541,20.0,0.0,0.0
odom,17.84368917,15.295966160097908,-0.9386681980445595,-0.6342051665015812
odom,17.894339492,15.343936553477574,-0.9546362585944822,-0.6115628307598666
cmd_pose,17.907303672,20.0,0.0,0.0
odom,17.943920598,15.391461778606226,-0.9716694269036528,-0.5901099232815744
odom,17.994628514,15.438501640037193,-0.9897642355556219,-0.5696255071553528
cmd_pose,18.00801162,20.0,0.0,0.0
odom,18.044854429,15.485205857274071,-1.0083921346018625,-0.5501693713482716
odom,18.095040202,15.531916298972494,-1.0265592690402667,-0.5316487383826664
cmd_pose,18.107299706,20.0,0.0,0.0
odom,18.145354081,15.578631683178688,-1.0442418454441604,-0.5141348628221084
odom,18.195336977,15.625425210634894,-1.0613157271453078,-0.4975680089666805
cmd_pose,18.209547753,20.0,0.0,0.0
odom,18.24624183,15.67219982276226,-1.077878761010833,-0.4820132594626247
odom,18.296608049,15.718824822370962,-1.0939750731763938,-0.46741180384346465
cmd_pose,18.308475331,20.0,0.0,0.0
odom,18.350229517,15.765235350289032,-1.1096768402528308,-0.4538256904784483
odom,18.401023894,15.81131272475292,-1.1249909903284134,-0.441223482605055
cmd_pose,18.408164392,20.0,0.0,0.0
odom,18.451602589,15.857890382013906,-1.1398403001610535,-0.42972041428349345
odom,18.500799837,15.906712169952584,-1.1540227459003494,-0.41938464886161625
cmd_pose,18.50868673,20.0,0.0,0.0
odom,18.556507646,15.957573471951957,-1.1675498791068615,-0.4103390571711753
odom,18.605142487,16.010260171789216,-1.180420133145437,-0.40252970753045764
cmd_pose,18.60762113,20.0,0.0,0.0
odom,18.655271142,16.06482033542665,-1.1926326942496763,-0.39600377253953234
odom,18.705131461,16.121337126861814,-1.2041285253671712,-0.39068271045843256
cmd_pose,18.707590257,20.0,0.0,0.0
odom,18.756004939,16.17977301768252,-1.2148481224736902,-0.3866045384964099
odom,18.805578118,16.240148476508327,-1.2246691417468611,-0.38372920096797336
cmd_pose,18.80727311,20.0,0.0,0.0
odom,18.856176056,16.301695528382513,-1.233487925359824,-0.38204112508633603
odom,18.906481518,16.36376200836628,-1.2411699132175718,-0.3814751599497841
cmd_pose,18.907541361,20.0,0.0,0.0
odom,18.962632889,16.42610195841533,-1.247592297465046,-0.38200581006252426
cmd_pose,19.008036627,20.0,0.0,0.0
odom,19.011479623,16.488469718884268,-1.2526382898874584,-0.38357336812559645
odom,19.06136336,16.550773938814366,-1.2561655170634343,-0.3862101023585457
cmd_pose,19.107442223,20.0,0.0,0.0
odom,19.111648526,16.61301256030379,-1.2580697242429582,-0.3898378279806148
odom,19.161632574,16.67491115542928,-1.2582365261684874,-0.3944886917207039
cmd_pose,19.208263108,20.0,0.0,0.0
odom,19.213108839,16.736409368296734,-1.2565963548692223,-0.40008944981493677
odom,19.263656551,16.797132001748153,-1.253100249969619,-0.40664576138803776
cmd_pose,19.307572185,20.0,0.0,0.0
odom,19.313746834,16.8570047417167,-1.247729356945571,-0.4140893158897716
odom,19.36473669,16.916296302599875,-1.2404277417726972,-0.422466122482125
cmd_pose,19.407625347,20.0,0.0,0.0
odom,19.412699005,16.97520911539872,-1.231142793594154,-0.43181982351373294
odom,19.463105439,17.03495550604268,-1.2195901940242162,-0.4424574376413806
cmd_pose,19.507510926,20.0,0.0,0.0
odom,19.513156762,17.095800514772524,-1.2057030006312253,-0.45440404174298915
odom,19.563583189,17.15744750447879,-1.1894986071092568,-0.4677550553314247
cmd_pose,19.607685093,20.0,0.0,0.0
odom,19.613741506,17.2195858589141,-1.1710459524623043,-0.4824136747589261
odom,19.663657541,17.282154253982604,-1.1503501169336465,-0.4984954890881511
cmd_pose,19.707231742,20.0,0.0,0.0
odom,19.714051056,17.344952165006323,-1.1274744418317728,-0.5158957469070754
odom,19.764210194,17.407435300160287,-1.1023404567552482,-0.5328135614517152
cmd_pose,19.807305108,20.0,0.0,0.0
odom,19.814613561,17.46934882516342,-1.0750014841450597,-0.5488216179536024
odom,19.86420683,17.530602992145642,-1.0454715926817286,-0.5638642987272839
cmd_pose,19.907722114,20.0,0.0,0.0
odom,19.91516897,17.591153918953452,-1.0138574209941233,-0.5782311974598648
odom,19.965139047,17.650983063431184,-0.9801379720889989,-0.5917300525835504
cmd_pose,20.007761408,20.0,0.0,0.0
odom,20.016296189,17.71007884629686,-0.944416774165246,-0.604578821006778
odom,20.065785783,17.768167425585265,-0.9068348454933052,-0.6165767829074499
cmd_pose,20.108249812,20.0,0.0,0.0
odom,20.11745037,17.825190791969007,-0.867555792900115,-0.6279106554277766
odom,20.165960884,17.8808174007739,-0.8268170352908781,-0.6383879223090689
cmd_pose,20.207874956,20.0,0.0,0.0
odom,20.216032683,17.93503122290226,-0.7847969157198192,-0.6481635087951617
odom,20.265722139,17.989500051249017,-0.7430200353752059,-0.656605771370347
cmd_pose,20.307928706,20.0,0.0,0.0
odom,20.31830369,18.0447455587181,-0.7019732979614662,-0.6637216712916649
odom,20.366094523,18.10015405191224,-0.6619340414939008,-0.6693846081001248
cmd_pose,20.407290228,20.0,0.0,0.0
odom,20.416278009,18.155485566463298,-0.6229018578258441,-0.6737537632436192
odom,20.467236999,18.210432545535273,-0.5851244890576222,-0.6767070871214989
cmd_pose,20.507365168,20.0,0.0,0.0
odom,20.517054322,18.264968436338815,-0.5486259346986263,-0.6783638603124582
odom,20.567003081,18.318975809026682,-0.5135762070525517,-0.6786159360779662
cmd_pose,20.608051039,20.0,0.0,0.0
odom,20.619041741,18.372528398135934,-0.4799864145845058,-0.6775602235016817
odom,20.667565157,18.425607666995088,-0.44800102545715315,-0.6751085518203842
cmd_pose,20.707568357,20.0,0.0,0.0
odom,20.718221528,18.47832336794459,-0.41763666761167123,-0.6713453485834281
odom,20.768200885,18.53067659538654,-0.3890354250762458,-0.666212809501151
cmd_pose,20.807678656,20.0,0.0,0.0
odom,20.819335397,18.582771708571517,-0.3622222876917668,-0.6597918302378123
odom,20.869493395,18.634497116387852,-0.3372415489615479,-0.6520794576757001
cmd_pose,20.908132783,20.0,0.0,0.0
odom,20.919426204,18.685922902726716,-0.31411975048088975,-0.643160056640364
odom,20.969701195,18.736939340952308,-0.2929918677544578,-0.6330572813912708
cmd_pose,21.007601927,20.0,0.0,0.0
odom,21.019213727,18.78760416285665,-0.2739016959386244,-0.6218503846127148
odom,21.068772639,18.83777912556565,-0.256941166075442,-0.6095918302842945
cmd_pose,21.107325757,20.0,0.0,0.0
odom,21.118798822,18.887504959397834,-0.2421304522874014,-0.5963653038337547
odom,21.168813223,18.93663611738606,-0.22953525145239695,-0.5822340749472427
cmd_pose,21.208069932,20.0,0.0,0.0
odom,21.219430602,18.98520018088581,-0.21915378658563398,-0.5672800523621196
odom,21.269367385,19.033213693303622,-0.20998507462215013,-0.5513382797065551
cmd_pose,21.307418032,20.0,0.0,0.0
odom,21.319681396,19.080750692205964,-0.2016670264264456,-0.5343910447615318
odom,21.37083087,19.12709939519708,-0.19359595244098504,-0.516562463490636
cmd_pose,21.407465336,20.0,0.0,0.0
odom,21.420979224,19.172098327347285,-0.18554820156010554,-0.497932824273789
odom,21.471371521,19.215818998840273,-0.17750151119931296,-0.47851890941615216
cmd_pose,21.508490031,20.0,0.0,0.0
odom,21.521642647,19.25842419823609,-0.1694756640226617,-0.4583528550820168
odom,21.572887048,19.2998265409446,-0.16148191286815816,-0.4374801281167319
cmd_pose,21.609068888,20.0,0.0,0.0
odom,21.623094928,19.340326467352888,-0.1534714912574064,-0.41582913059790333
odom,21.673337962,19.38205688917053,-0.14487630774696034,-0.3923570828194181
cmd_pose,21.707386608,20.0,0.0,0.0
odom,21.722865093,19.425250785658292,-0.13564218594042968,-0.3669234358092869
odom,21.776882436,19.469465896532945,-0.12581945920465668,-0.3397135517233378
cmd_pose,21.80735221,20.0,0.0,0.0
odom,21.82528735,19.514496662076194,-0.1154861953491908,-0.31081871999665905
odom,21.875555015,19.560694221892287,-0.10461728780723631,-0.28013310701905353
cmd_pose,21.908481428,20.0,0.0,0.0
odom,21.926240891,19.607961941253134,-0.0932946769872885,-0.24771967800760925
odom,21.976789292,19.656227471967934,-0.08151867049755322,-0.21366754453773532
cmd_pose,22.007291436,20.0,0.0,0.0
odom,22.028455878,19.705317525791695,-0.0693866493197053,-0.17808831903610445
odom,22.079497121,19.75493735017818,-0.05692301269436161,-0.14121991992851718
cmd_pose,22.107378327,20.0,0.0,0.0
odom,22.127940714,19.80498522192477,-0.044221129720014955,-0.10322021946508805
odom,22.177354465,19.855640025982805,-0.031208387088489394,-0.06464764467925657
cmd_pose,22.207386951,20.0,0.0,0.0
odom,22.227965257,19.9067114050949,-0.018125584887917198,-0.025925009194854347
odom,22.277674513,19.95578988823064,-0.005998082018774819,0.008924835749075854
cmd_pose,22.307472288,20.0,0.0,0.0
odom,22.328400569,20.002525253611424,0.004903255688399402,0.03624449283319197
odom,22.378741051,20.046900165123407,0.01453139216965323,0.05441227132839511
cmd_pose,22.408227308,20.0,0.0,0.0
odom,22.428685314,20.08944902234346,0.022801744184828488,0.06235815902523017
odom,22.479598889,20.129745021996744,0.02989767971377855,0.05867286737666485
cmd_pose,22.507371373,20.0,0.0,0.0
odom,22.529285104,20.168000190146266,0.03572555740202231,0.04529584758423179
odom,22.579024312,20.202750449302915,0.0404483292216632,0.026239587305403538
cmd_pose,22.608546929,20.0,0.0,0.0
odom,22.629481902,20.233993733051612,0.044087808825493624,0.003950770279908232
odom,22.679284828,20.261637029660328,0.04676706313753017,-0.020811138178386174
cmd_pose,22.708190914,20.0,0.0,0.0
odom,22.729764073,20.28614329094466,0.04835957030946521,-0.04535866823059206
odom,22.779871084,20.307241556996132,0.048858889659371324,-0.06920770549407966
cmd_pose,22.807214827,20.0,0.0,0.0
odom,22.831333908,20.325124732469,0.048360816189542605,-0.09297721529575753
odom,22.88066703,20.339509805613613,0.047079781584203305,-0.11631872859167924
cmd_pose,22.90737081,20.0,0.0,0.0
odom,22.930291869,20.35057052251001,0.04500783994532744,-0.13958465915028806
odom,22.980594605,20.358024404280343,0.042171754006238904,-0.16235275631484364
cmd_pose,23.007771995,20.0,0.0,0.0
odom,23.030615315,20.36201448091568,0.03849719336674974,-0.18488887177848654
odom,23.08069565,20.362432515030328,0.03401949406302863,-0.2068357936203878
cmd_pose,23.107375845,20.0,0.0,0.0
odom,23.131228576,20.359502731392208,0.0286664595042047,-0.22838779746571258
odom,23.181678992,20.3535075486507,0.02250707030508149,-0.24915799521911805
cmd_pose,23.207691376,20.0,0.0,0.0
odom,23.231806501,20.344763710268456,0.015491457323675746,-0.2692763202743059
odom,23.281194845,20.333519669513443,0.007631613544360259,-0.2885092701612347
cmd_pose,23.307574177,20.0,0.0,0.0
odom,23.331583392,20.320051519516923,-0.0011189611424293074,-0.3069488954398829
odom,23.381806889,20.304539067599773,-0.010783377469493106,-0.3244500758559592
cmd_pose,23.407526553,20.0,0.0,0.0
odom,23.433685853,20.287228073799035,-0.021421862890545602,-0.34113316123370885
odom,23.482654821,20.268251037403502,-0.03307146708016416,-0.3568855095275414
cmd_pose,23.507759059,20.0,0.0,0.0
odom,23.533279849,20.24786291131336,-0.04532233030716408,-0.3718096363600569
odom,23.582409936,20.226270918644992,-0.05607765522474177,-0.38574003752848646
cmd_pose,23.607311304,20.0,0.0,0.0
odom,23.632718823,20.203588818260954,-0.06552341408851496,-0.3986913098962279
odom,23.683221895,20.179826874421757,-0.07382851394125525,-0.41053295107509485
cmd_pose,23.708118231,20.0,0.0,0.0
odom,23.73422239,20.154773663680253,-0.08108442857264124,-0.42130720628691215
odom,23.785404518,20.126863607234466,-0.08676196365583998,-0.43093088754881237
cmd_pose,23.80808991,20.0,0.0,0.0
odom,23.835012958,20.097076348685864,-0.09094216690871643,-0.4392638170780928
odom,23.885158317,20.069449006042408,-0.09350537230581657,-0.44540694945075204
cmd_pose,23.907428553,20.0,0.0,0.0
odom,23.9346118,20.04401354156509,-0.09433860082600766,-0.4494613184464261
odom,23.984908161,20.020210272070862,-0.09327141458623729,-0.45143409261725503
cmd_pose,24.007445797,20.0,0.0,0.0
odom,24.035281181,19.99786198111457,-0.09024389502425295,-0.4514490568342435
odom,24.087134769,19.97724182284966,-0.08508732418943671,-0.4494087124519459
cmd_pose,24.107383572,20.0,0.0,0.0
odom,24.135802487,19.958231612358997,-0.07783780397391418,-0.4454700294011314
odom,24.185690812,19.940959282865485,-0.06850677970978003,-0.43973661676383763
cmd_pose,24.207634279,20.0,0.0,0.0
odom,24.235802441,19.925326705371337,-0.057153736765857804,-0.43237106878714376
odom,24.285898995,19.911479805171815,-0.043702201763333094,-0.42335415357184125
cmd_pose,24.307283375,20.0,0.0,0.0
odom,24.33668753,19.899457403572885,-0.028882392189622855,-0.41281139514597087
odom,24.38635987,19.88986672955918,-0.01572472070518721,-0.40046480868655665
cmd_pose,24.407967443,20.0,0.0,0.0
odom,24.436145323,19.88259763929863,-0.004289381622575143,-0.3864634279739496
odom,24.487374293,19.877586850510433,0.005366265580992372,-0.37092024972066445
cmd_pose,24.507285228,20.0,0.0,0.0
odom,24.536629168,19.874757462117497,0.013295420592408779,-0.35395497321108715
odom,24.587195314,19.874312584630225,0.019422313453865896,-0.33536227241841204
cmd_pose,24.607314526,20.0,0.0,0.0
odom,24.637174227,19.876200474348877,0.023702168730373972,-0.31531213823276594
odom,24.687316579,19.88053685768798,0.025888038140802046,-0.29362565468942253
cmd_pose,24.708025342,20.0,0.0,0.0
odom,24.73837049,19.8872075068992,0.02596130369646325,-0.27051088836749754
odom,24.789902078,19.896216777250913,0.023855006038158502,-0.24583120749002368
cmd_pose,24.807926985,20.0,0.0,0.0
odom,24.840105585,19.907414835136827,0.019596130863145666,-0.2197891291231397
odom,24.889991766,19.920831959910053,0.013163003271533654,-0.19216950800794813
cmd_pose,24.907421323,20.0,0.0,0.0
odom,24.940124286,19.936283023330812,0.005139522676209553,-0.16323612733615825
odom,24.99085338,19.953740665739737,-0.002094475273522461,-0.13302961622058948
cmd_pose,25.008064639,20.0,0.0,0.0
odom,25.04087397,19.973018156503,-0.008270038641682595,-0.10175349723056575
odom,25.090989823,19.994101984790415,-0.012509810101917316,-0.06905501452966403
cmd_pose,25.107625429,20.0,0.0,0.0
odom,25.141319744,20.016076591726392,-0.014769959388522633,-0.03571716500608685
odom,25.192939412,20.03526210747131,-0.014749499750844015,-0.004727428072038069
cmd_pose,25.207790065,20.0,0.0,0.0
odom,25.241577417,20.051520406236374,-0.012491804895404931,0.021790018222686947
odom,25.292163889,20.065218201327347,-0.007988710298038422,0.04075141251188529
cmd_pose,25.307192418,20.0,0.0,0.0
odom,25.34274228,20.076347252980614,-0.002137505702121595,0.051652158613907526
odom,25.392397596,20.08471181709341,0.0032398949218635977,0.052836393645964326
cmd_pose,25.407277145,20.0,0.0,0.0
odom,25.442456741,20.09046343683862,0.007769463882715409,0.044681567931031854
odom,25.492660676,20.09348454586215,0.010317705531605218,0.027000414553981437
cmd_pose,25.507737975,20.0,0.0,0.0
odom,25.543630683,20.093770297740836,0.010761832425409852,0.003174545885110569
odom,25.593159984,20.090933525474995,0.008996647750615053,-0.02159942236700988
cmd_pose,25.607610252,20.0,0.0,0.0
odom,25.643234298,20.08511615112759,0.005325761306486612,-0.04483642618317985
odom,25.693715752,20.07639631555397,0.0004228054977036581,-0.06693036076947438
cmd_pose,25.707650897,20.0,0.0,0.0
odom,25.744149397,20.064855793639943,-0.0045558323026875045,-0.08771316396827043
odom,25.793884089,20.05047392574567,-0.007477269429325049,-0.10741413549979993
cmd_pose,25.807302659,20.0,0.0,0.0
odom,25.843737821,20.033946473389502,-0.008189274910465305,-0.12578198787381653
odom,25.894037373,20.016550176754993,-0.006715065367939629,-0.14281482120736294
cmd_pose,25.907332176,20.0,0.0,0.0
odom,25.94404851,19.999398455365377,-0.0034074472742549383,-0.1582051606381819
odom,25.993953102,19.984926165123564,0.0009421611731222626,-0.17178983419893415
cmd_pose,26.007197555,20.0,0.0,0.0
odom,26.044423923,19.97292709626664,0.005189785232067732,-0.18345357830523856
odom,26.094290951,19.963245462403513,0.007119290841896643,-0.1933486296863885
cmd_pose,26.10748744,20.0,0.0,0.0
odom,26.144732148,19.955808499226972,0.006728602512043246,-0.20135639394006027
odom,26.195264416,19.95082068154049,0.004192442734081465,-0.20754566252268972
cmd_pose,26.207802732,20.0,0.0,0.0
odom,26.245592484,19.948206595641253,0.0003584772604499722,-0.2118189852542309
odom,26.295321031,19.948105292896187,-0.0030060885895800155,-0.21420853415191227
cmd_pose,26.307516403,20.0,0.0,0.0
odom,26.346214412,19.950383190517137,-0.005349203876488539,-0.2146746265101461
odom,26.396476967,19.954952279280455,-0.005667621039826749,-0.2133695281383587
cmd_pose,26.408084675,20.0,0.0,0.0
odom,26.446009543,19.961827869648445,-0.0040539127764383665,-0.21020737203169937
odom,26.496582475,19.971270073722252,-0.0008217814113499298,-0.20514501548276112
cmd_pose,26.509043534,20.0,0.0,0.0
odom,26.546533972,19.98315200198466,0.002918604946393475,-0.19816108978946362
odom,26.596509752,19.997460414358585,0.0048021874684638635,-0.18930070777985372
cmd_pose,26.607213849,20.0,0.0,0.0
odom,26.646622966,20.012458588303122,0.0047761302165850094,-0.17878460037064625
odom,26.696872304,20.024423210341627,0.0028689887483765923,-0.16714006106287094
cmd_pose,26.707460046,20.0,0.0,0.0
odom,26.746958816,20.03343046589895,-0.0002952602594155077,-0.15426592474676581
odom,26.796999187,20.039446584737384,-0.0032358049993537075,-0.1399536740908074
cmd_pose,26.807254779,20.0,0.0,0.0
odom,26.847303978,20.042629069455373,-0.005345230402099122,-0.12426743197976134
odom,26.897340445,20.043015326139024,-0.005474172910771737,-0.10740036087911427
cmd_pose,26.908452809,20.0,0.0,0.0
odom,26.947489502,20.040805777822886,-0.0036710107006118187,-0.08944596782320992
odom,26.998552182,20.03620869114872,-0.00029849158915088033,-0.07061718377456273
cmd_pose,27.0074445,20.0,0.0,0.0
odom,27.04789867,20.029085160042083,0.003659741484564415,-0.05073376029629312
odom,27.097826299,20.018835214877683,0.006099799650375948,-0.02944835014372879
cmd_pose,27.107586202,20.0,0.0,0.0
odom,27.149334061,20.00676436688743,0.006662839182597943,-0.009266519619860266
odom,27.198215305,19.995614887141183,0.004888660622899151,0.005853213232246074
cmd_pose,27.207583346,20.0,0.0,0.0
odom,27.248437241,19.985943988411126,0.0012651778664148454,0.015053286041587878
odom,27.298325026,19.97909227253046,-0.0029646366303672173,0.017703098173406453
cmd_pose,27.307479122,20.0,0.0,0.0
odom,27.348458527,19.97477030840528,-0.006851717003469933,0.013513020272492446
odom,27.399011329,19.972581152194902,-0.00875504934910285,0.0030366880363367653
cmd_pose,27.407553512,20.0,0.0,0.0
odom,27.448732826,19.97257061564195,-0.008492458990156345,-0.011050460901371349
odom,27.499839325,19.97512185104545,-0.00591639749493837,-0.024802132373803687
cmd_pose,27.508829087,20.0,0.0,0.0
odom,27.549464438,19.98024004111242,-0.0016469537776294795,-0.03719899475365266
odom,27.599850655,19.988041580638914,0.0030534125927342186,-0.04771543340905709
cmd_pose,27.607299592,20.0,0.0,0.0
odom,27.649469843,19.99734645399769,0.007145135389458328,-0.056495317562831264
odom,27.700892731,20.005585781283195,0.008810245830449214,-0.06358493470120037
cmd_pose,27.708465532,20.0,0.0,0.0
odom,27.751412398,20.01210078613588,0.00805858352904301,-0.06898983472958438
odom,27.800390887,20.01536109649269,0.005032018507694662,-0.07268213241995734
cmd_pose,27.807232715,20.0,0.0,0.0
odom,27.850553349,20.015468051505785,0.0003147992050972383,-0.07466369652999207
odom,27.900735397,20.01241045451919,-0.004821858058643818,-0.0749069214417043
cmd_pose,27.907394076,20.0,0.0,0.0
odom,27.950945028,20.00668666249316,-0.0094750409830786,-0.07341282236875281
odom,28.001476057,19.999210632461555,-0.011947922017724778,-0.07017076062902033
cmd_pose,28.008216375,20.0,0.0,0.0
odom,28.05146038,19.99140746780684,-0.012137518881989353,-0.06513298559204596
odom,28.101705263,19.986424011803702,-0.010073309090035518,-0.058255052480184984
cmd_pose,28.108068344,20.0,0.0,0.0
odom,28.151301638,19.983982851986134,-0.006110457013819251,-0.04971621505920277
odom,28.202289395,19.983722467639858,-0.0007064221946343195,-0.03976497221940629
cmd_pose,28.207683909,20.0,0.0,0.0
odom,28.251739549,19.985723127100766,0.004441406026658049,-0.0283618862482584
odom,28.304509319,19.990061715922714,0.007468310915600428,-0.01656307357034894
cmd_pose,28.30805177,20.0,0.0,0.0
odom,28.35336289,19.995757757085975,0.0085697590615001,-0.006329686684387475
odom,28.403829451,20.0017339809391,0.007741991088445017,-0.0012720252965820887
cmd_pose,28.407591133,20.0,0.0,0.0
odom,28.454860736,20.006304834808418,0.005096542132540168,-0.00129292223236157
odom,28.503716883,20.00754073902636,0.0006974951573576423,-0.007760445007628817
cmd_pose,28.507339867,20.0,0.0,0.0
odom,28.555050691,20.005650785252822,-0.0036865084078092176,-0.016610731092449968
cmd_pose,28.607392768,20.0,0.0,0.0
odom,28.610577314,20.00082277943902,-0.006205355691223461,-0.025038556687677006
odom,28.660098708,19.99551582732638,-0.006823392286895671,-0.03227836097702214
cmd_pose,28.707478987,20.0,0.0,0.0
odom,28.71107172,19.99250349089274,-0.0053541127378673925,-0.037591368692126974
odom,28.761029611,19.99201944516621,-0.002469031505177158,-0.041163426104759294
cmd_pose,28.807854212,20.0,0.0,0.0
odom,28.810668715,19.994421726436954,0.001237935193634215,-0.042706239954729656
odom,28.860781895,19.99877844213184,0.0044952627962347134,-0.04245397626105363
cmd_pose,28.908656874,20.0,0.0,0.0
odom,28.912420345,20.00403232821956,0.005841959177393466,-0.040265407245086385
odom,28.962454807,20.00851325940415,0.005365836112962511,-0.03644143055850025
cmd_pose,29.007496227,20.0,0.0,0.0
odom,29.011240224,20.010296610971547,0.003000246100273102,-0.031074377674390734
odom,29.061380396,20.009215337822162,-0.00020160813388055707,-0.024480290921681212
cmd_pose,29.108967876,20.0,0.0,0.0
odom,29.113684208,20.004998195987152,-0.0031253632317394574,-0.017786857363990376
odom,29.161661793,19.999883395950686,-0.004409743931500351,-0.011375627664863006
cmd_pose,29.207237366,20.0,0.0,0.0
odom,29.21177149,19.994897460248566,-0.0035727158659045865,-0.006789093592352824
odom,29.262985396,19.992051495420995,-0.0015209329157465866,-0.0058454560691671665
cmd_pose,29.307685921,20.0,0.0,0.0
odom,29.312899418,19.99219878221682,0.0013427253826766236,-0.008672683143595013
odom,29.362149198,19.995127189546263,0.003420449398294246,-0.013996938424404439
cmd_pose,29.407764661,20.0,0.0,0.0
odom,29.413957563,20.000604728439956,0.004141142984421385,-0.019024868968736074
odom,29.462491402,20.005092278278948,0.0033732031464227775,-0.024125944589675888
cmd_pose,29.507581968,20.0,0.0,0.0
odom,29.513483896,20.00697590081849,0.0011823676165447204,-0.02783023440061986
odom,29.56329549,20.005791957161453,-0.0009204834596219847,-0.029811781758783913
cmd_pose,29.607255024,20.0,0.0,0.0
odom,29.613099708,20.00143972202144,-0.0023813915704455064,-0.02977668720713256
odom,29.663360891,19.99691859498685,-0.0026843943159549854,-0.02796567148067831
cmd_pose,29.707442405,20.0,0.0,0.0
odom,29.713392092,19.993625777014838,-0.001723838323229446,-0.02485007465474536
odom,29.765869078,19.992815977065145,-0.00028657571056343254,-0.020335339594648845
cmd_pose,29.807502589,20.0,0.0,0.0
odom,29.813683423,19.994999695332726,0.0013265434261256627,-0.015044793930507387
odom,29.86452108,19.998788860632235,0.0021298684137243647,-0.010893410063856362
cmd_pose,29.907387831,20.0,0.0,0.0
odom,29.914076493,20.00346006829459,0.0017719305256003873,-0.008280489469333482
odom,29.965584209,20.006114669637675,0.0007853650818557261,-0.008413207055287317
cmd_pose,30.007501537,20.0,0.0,0.0
odom,30.014607297,20.005467080873405,-0.0005310619180949592,-0.01172153076488248
odom,30.064458676,20.002347770874735,-0.0013786186854231,-0.01626731336740531
cmd_pose,30.108551373,20.0,0.0,0.0
odom,30.115940986,19.99724453232679,-0.0015252282494041358,-0.020146366685557898
odom,30.165755191,19.99370398375469,-0.0011160933392768049,-0.022906703362801487
cmd_pose,30.20742329,20.0,0.0,0.0
odom,30.21550499,19.993326567589282,-0.0001950207850185306,-0.024269980760582576
odom,30.26545732,19.9958868980553,0.000576873176879584,-0.024174547325742046
cmd_pose,30.307476333,20.0,0.0,0.0
odom,30.317228826,20.001160215294934,0.0009737565588805269,-0.02330266327933478
odom,30.365715775,20.00519983136071,0.0008274252200952551,-0.02163545314365062
cmd_pose,30.40757555,20.0,0.0,0.0
odom,30.41566131,20.006211249912713,0.00011420086553927641,-0.01961637538857271
odom,30.465996404,20.004157920379086,-0.0004980722297206702,-0.016936004710263443
cmd_pose,30.508111481,20.0,0.0,0.0
odom,30.516459802,19.9991413723918,-0.000724183878385993,-0.01434277684389617
odom,30.56700639,19.994775344922548,-0.0004541060213534975,-0.012182224686164707
cmd_pose,30.607625743,20.0,0.0,0.0
odom,30.616658215,19.992730029864997,0.0002586068417111837,-0.01051089185759159
odom,30.666853207,19.993521879748084,0.00080124189974553,-0.00949119764679426
cmd_pose,30.707445562,20.0,0.0,0.0
odom,30.717405911,19.99730312121364,0.0009804137131206893,-0.009851129448393689
odom,30.767058458,20.001525294079055,0.000674417004597812,-0.010734368054478789
cmd_pose,30.807382668,20.0,0.0,0.0
odom,30.81738552,20.004985843239318,-0.0001364872079485341,-0.012751379953104727
odom,30.867577948,20.005962138171327,-0.0008952674693374422,-0.014557084380563396
cmd_pose,30.907842894,20.0,0.0,0.0
odom,30.918283711,20.003724549422014,-0.0013687051632993552,-0.01634057816510347
odom,30.968260221,20.000029215657428,-0.0012128728216558907,-0.017631349386594834
cmd_pose,31.00754977,20.0,0.0,0.0
odom,31.018039982,19.99576910758159,-0.0003644238333006787,-0.018615267579190145
odom,31.068232912,19.993508631822056,0.0006655251304669342,-0.019235507677888165
cmd_pose,31.107858643,20.0,0.0,0.0
odom,31.118956329,19.99437445156718,0.0016588884935097663,-0.020034758709862256
odom,31.168587971,19.997549409708025,0.0019887686666952265,-0.01994324401192672
cmd_pose,31.207436663,20.0,0.0,0.0
odom,31.219096892,20.002556521892057,0.0014712236950813334,-0.019023603506380833
odom,31.269216967,20.00617637694005,0.0003825488648808327,-0.017512652369491396
cmd_pose,31.307342733,20.0,0.0,0.0
odom,31.319336607,20.00696018621918,-0.0011097874715672669,-0.01622482318741658
odom,31.370212924,20.00493688331985,-0.0020612144433728797,-0.014318296261616641
cmd_pose,31.407572612,20.0,0.0,0.0
odom,31.420337186,20.00023536321598,-0.002149587976909683,-0.013167341034643678
odom,31.470560483,19.995913622699412,-0.0014680442294928951,-0.012282629383583191
cmd_pose,31.507776097,20.0,0.0,0.0
odom,31.520255329,19.993372723170022,-0.00012194822114498446,-0.012327483291115864
odom,31.570453204,19.993232162128052,0.0010079815447707713,-0.01339085158592363
cmd_pose,31.607326064,20.0,0.0,0.0
odom,31.62048758,19.995707117971516,0.0016394433501736802,-0.014951778251041152
odom,31.670451864,19.999254398527214,0.0015920686537786008,-0.016304338829092747
cmd_pose,31.707512202,20.0,0.0,0.0
odom,31.721272314,20.00310863032053,0.0008381305295320802,-0.018152092234442068
odom,31.770746235,20.00515094939911,-0.0002750144635328528,-0.01862878008133932
cmd_pose,31.807538653,20.0,0.0,0.0
odom,31.822470755,20.00445369867736,-0.001575002154407678,-0.018507223237041143
odom,31.87162575,20.00101084903658,-0.002290475526622052,-0.017335633761808265
cmd_pose,31.90835277,20.0,0.0,0.0
odom,31.923749611,19.994950200486834,-0.002136246106590512,-0.01604970277611181
odom,31.972661112,19.98959705270053,-0.0011417568550798885,-0.014172148715291768
cmd_pose,32.007338425,20.0,0.0,0.0
odom,32.022539414,19.98651645770543,0.0005060762216852166,-0.013267028402438394
odom,32.073721417,19.986305041362098,0.0019658023014341632,-0.011918166270212374
cmd_pose,32.108216505,20.0,0.0,0.0
odom,32.125128418,19.988980982416123,0.003000652965065918,-0.011496682018495413
odom,32.173190747,19.99432215502616,0.0030618585369252094,-0.011367506131410656
cmd_pose,32.207363759,20.0,0.0,0.0
odom,32.223541111,20.00186085509251,0.002075061881634331,-0.011871140342515327
odom,32.274168222,20.007840448008366,0.0003785916988963286,-0.01274015903838962
cmd_pose,32.307354661,20.0,0.0,0.0
odom,32.324215454,20.01141609597737,-0.00186911532866017,-0.01454846749060795
odom,32.373855426,20.012436207483237,-0.0034914785933118845,-0.016543290457943206
cmd_pose,32.407759393,20.0,0.0,0.0
odom,32.425387766,20.010948267034255,-0.004177768857653802,-0.018465131011777255
odom,32.47421904,20.006812009642296,-0.0035449670166850466,-0.019914497833315073
cmd_pose,32.50725922,20.0,0.0,0.0
odom,32.526223808,20.00034542470053,-0.0015255543721358323,-0.02123220816218273
odom,32.575028686,19.99444542530785,0.0011418541246450624,-0.021857211955013955
cmd_pose,32.607341258,20.0,0.0,0.0
odom,32.624522394,19.989869894062828,0.004091045034048791,-0.0224018737802668
odom,32.675238305,19.987525522195998,0.005911575028285937,-0.021684655431659556
cmd_pose,32.708113341,20.0,0.0,0.0
odom,32.72483056,19.98752392670721,0.0061910366592777075,-0.020243564310974915
odom,32.775357645,19.989858708662176,0.004861576919966776,-0.018538843225421917
cmd_pose,32.807489503,20.0,0.0,0.0
odom,32.825308611,19.994345596277835,0.0019508534574455888,-0.0166086580919897
odom,32.875720794,20.000190940804792,-0.0015359007721518778,-0.014435618550015248
cmd_pose,32.907364285,20.0,0.0,0.0
odom,32.925829662,20.006907547353865,-0.005160134223493029,-0.011877274664389615
odom,32.975600462,20.011633410726652,-0.007358693639157324,-0.010398935684760614
cmd_pose,33.007458448,20.0,0.0,0.0
odom,33.026093052,20.013774288668987,-0.007714901082185772,-0.009584994852651664
odom,33.076292344,20.01342087050099,-0.00628287357720394,-0.010048448501608855
cmd_pose,33.107605063,20.0,0.0,0.0
odom,33.126118525,20.01065614087714,-0.003255844356492204,-0.012236496984500179
odom,33.176021649,20.005156637241463,0.000157176739848949,-0.014385422950661173
cmd_pose,33.207714936,20.0,0.0,0.0
odom,33.226591602,19.997307856098878,0.0035256527966294367,-0.01665637854534651
odom,33.276843177,19.99124234387351,0.005628551380187724,-0.018742945363093108
cmd_pose,33.307263294,20.0,0.0,0.0
odom,33.327061602,19.987887519013498,0.006138477456256354,-0.021117391621752753
odom,33.377615711,19.987371983706407,0.0049435976898347745,-0.022985415413190456
cmd_pose,33.407621475,20.0,0.0,0.0
odom,33.427922963,19.989611214797986,0.0020968947296850084,-0.023907061012374012
odom,33.477979923,19.994597061988678,-0.001143961278041586,-0.02416645976793905
cmd_pose,33.507996736,20.0,0.0,0.0
odom,33.52811577,20.00190435411352,-0.004371185088468559,-0.023341938285641062
odom,33.578212848,20.007833392136448,-0.00631676720442895,-0.021981172058367405
cmd_pose,33.607470985,20.0,0.0,0.0
odom,33.628100496,20.011530660249647,-0.0065862264578903955,-0.02033277684194308
odom,33.678860898,20.01269978247907,-0.005169414959280361,-0.018272739261623015
cmd_pose,33.708014865,20.0,0.0,0.0
odom,33.728855198,20.01134033378707,-0.0022084849188659843,-0.016153547296802514
odom,33.778877992,20.00715913878878,0.0010053259520180872,-0.014185530222776252
cmd_pose,33.808056435,20.0,0.0,0.0
odom,33.828839553,20.00046721702055,0.004012456378085597,-0.012456322983874732
odom,33.878919595,19.994362099784095,0.005587137908270915,-0.010873398079736708
cmd_pose,33.908782562,20.0,0.0,0.0
odom,33.92894587,19.989627956103014,0.005414784736853033,-0.009973751648965074
odom,33.979253631,19.987047746702515,0.0037519846302642565,-0.01003162495285967
cmd_pose,34.007378246,20.0,0.0,0.0
odom,34.029684813,19.98672948873925,0.0007945989784251069,-0.011672901250523822
odom,34.081842723,19.988904202882882,-0.002114695810830773,-0.013894803576105846
cmd_pose,34.107324551,20.0,0.0,0.0
odom,34.131193518,19.993453507974852,-0.004582951852408875,-0.0160169881367719
odom,34.180369629,19.999444934287904,-0.005662717688723863,-0.017929886421926534
cmd_pose,34.207225515,20.0,0.0,0.0
odom,34.230043882,20.00634102039017,-0.005075639363367963,-0.019838902550284723
odom,34.280652266,20.01111338866491,-0.002997847449109725,-0.021400435001068637
cmd_pose,34.308617389,20.0,0.0,0.0
odom,34.330331642,20.013125708088708,0.00032333312386853867,-0.021947815887740984
odom,34.380922365,20.012539951220145,0.003305310230807462,-0.021848354595029852
cmd_pose,34.407864818,20.0,0.0,0.0
odom,34.43052054,20.009509475096475,0.005469041708288207,-0.021139348825781067
odom,34.480714073,20.0041170108387,0.006147169950326791,-0.020036564819595752
cmd_pose,34.507432935,20.0,0.0,0.0
odom,34.531351384,19.996756730550487,0.005194611767600816,-0.01872433831528449
odom,34.581267178,19.990708919436134,0.0030559245142124597,-0.017594016583782453
cmd_pose,34.607509576,20.0,0.0,0.0
odom,34.631500801,19.986730555781126,-3.300289841763116e-05,-0.016618311700957615
odom,34.681716936,19.98518199415616,-0.002891600199501441,-0.015704927251416822
cmd_pose,34.707731502,20.0,0.0,0.0
odom,34.731865919,19.986049961143273,-0.005193994127016232,-0.01513734801258897
odom,34.782644906,19.989288776012316,-0.0061776112853273845,-0.015135759655704508
cmd_pose,34.807559762,20.0,0.0,0.0
odom,34.832672066,19.994529275230903,-0.005672297955067909,-0.015053086236456003
odom,34.882929568,20.000365451664894,-0.003935832048235579,-0.015723812357231467
cmd_pose,34.907510925,20.0,0.0,0.0
odom,34.933501264,20.006137653852626,-0.0012297827877447245,-0.016561776850268422
odom,34.983076124,20.009410218399044,0.0012951568852210646,-0.01778977554309248
cmd_pose,35.007972853,20.0,0.0,0.0
odom,35.034113118,20.010099275201092,0.0034380992976190635,-0.01852510463422666
odom,35.083461859,20.00842874781018,0.004293667971998833,-0.01920860907530846
cmd_pose,35.107620678,20.0,0.0,0.0
odom,35.134705613,20.004658750899882,0.0038627257693766804,-0.01948825296983549
odom,35.184147026,19.999453113722915,0.0021340526807424017,-0.019738842311040346
cmd_pose,35.207754127,20.0,0.0,0.0
odom,35.23890268,19.993563653995537,-0.0005245606337840466,-0.018940920914620886
odom,35.287030654,19.99011376173012,-0.0027453233972423597,-0.018325336415576786
cmd_pose,35.307356418,20.0,0.0,0.0
odom,35.337344517,19.989255911602452,-0.004399660759619784,-0.01698557535627193
odom,35.387357933,19.990714980819792,-0.004750906388614252,-0.01655809473774964
cmd_pose,35.407330975,20.0,0.0,0.0
odom,35.438901882,19.994208187315444,-0.003919036971052073,-0.015623773213617183
odom,35.487645911,19.998956320538994,-0.0022106130301853683,-0.015613480949213943
cmd_pose,35.507311755,20.0,0.0,0.0
odom,35.539154991,20.004228451912983,9.589737381113787e-05,-0.01571138592124475
odom,35.588908932,20.0070739544981,0.0019958023139767848,-0.015976793919297568
cmd_pose,35.607374586,20.0,0.0,0.0
odom,35.638085192,20.007344997385733,0.003349066005095142,-0.015944936322993552
odom,35.689664851,20.005261229538277,0.0035455010992852852,-0.016200304586749165
cmd_pose,35.707485055,20.0,0.0,0.0
odom,35.738573127,20.00128624895109,0.0026681376912161218,-0.015787497530706386
odom,35.788767781,19.997103572862205,0.0010737027377852046,-0.01576523985156762
cmd_pose,35.80734504,20.0,0.0,0.0
odom,35.839617438,19.993279298750753,-0.0009527506543425348,-0.015743430916343122
odom,35.889210652,19.991764246011066,-0.002426040605412354,-0.016205745410926852
cmd_pose,35.907363721,20.0,0.0,0.0
odom,35.939163106,19.99264379213204,-0.003300892571227608,-0.01616847892551185
odom,35.989253427,19.995816782133893,-0.0031839425793986817,-0.01669234583891352
cmd_pose,36.007972082,20.0,0.0,0.0
odom,36.039907291,20.000711535528417,-0.0021971524637097043,-0.01668538668953757
odom,36.089712063,20.00499780853325,-0.0006514689667898437,-0.01680754987166357
cmd_pose,36.107588606,20.0,0.0,0.0
odom,36.139929578,20.0082130122586,0.0012205743973656615,-0.01712656948346898
odom,36.190234631,20.009109686413797,0.0025144299739041035,-0.017482781255304416
cmd_pose,36.207494845,20.0,0.0,0.0
odom,36.240509602,20.007674575265284,0.0031451085071789162,-0.017565662001568807
odom,36.290572458,20.003966735649794,0.0027705363766387303,-0.018224018168268977
cmd_pose,36.307230955,20.0,0.0,0.0
odom,36.340480469,19.998612231583174,0.0015112550751342272,-0.01844080671968737
odom,36.390987316,19.994172992048927,-0.00016429450887006864,-0.018671706803794173
cmd_pose,36.407545733,20.0,0.0,0.0
odom,36.441056007,19.99104764810091,-0.002013220366222533,-0.018833360682269804
odom,36.491954517,19.99013989636465,-0.0032008883672639565,-0.018416222936308672
cmd_pose,36.507366911,20.0,0.0,0.0
odom,36.541853751,19.991446840904352,-0.0037171856232370896,-0.01770738086656521
odom,36.591614146,19.99494656832897,-0.0033005262117634547,-0.016399745659884796
cmd_pose,36.607319927,20.0,0.0,0.0
odom,36.64191272,20.000127782534733,-0.002070005406884262,-0.015437577806480257
odom,36.693109842,20.00490434988298,-0.0003599098238884437,-0.015100441379451907
cmd_pose,36.707574403,20.0,0.0,0.0
odom,36.743469939,20.00876541485602,0.001576966090921978,-0.015434057942914123
odom,36.792324211,20.01038518316566,0.0029204430018811038,-0.016382493568056006
cmd_pose,36.807201608,20.0,0.0,0.0
odom,36.842399586,20.009748926604342,0.0035369156449835,-0.017231022367660217
odom,36.892604121,20.006919736465886,0.003170157787392028,-0.017900642298728012
cmd_pose,36.907514854,20.0,0.0,0.0
odom,36.942683863,20.002554738979935,0.0019918871082066913,-0.018637209120892544
odom,36.992896027,19.998023036758827,0.0003664433166430751,-0.018994904196292833
cmd_pose,37.00752524,20.0,0.0,0.0
odom,37.042781802,19.994076229393432,-0.0013189200938844051,-0.018958894948202402
odom,37.093698884,19.99242892749039,-0.002421578195294463,-0.018147344470285116
cmd_pose,37.108123675,20.0,0.0,0.0
odom,37.143234966,19.99299357765309,-0.0028863299274640855,-0.01716346665925066
